"germplasmName","FullSampleName"
"58308","I58308:250304631"
"ALBERT","ALBERT:CA8RLANXX:7:526312"
"CH05_203","CH05_203:250442976"
"COLICANANA","COLICANANA:250442941"
"EYOPE","EYOPE:250442952"
"F10_30_R2","F10_30_R2:250442916"
"F19-NL","F19_NL:CA8RLANXX:7:526313"
"IITA-TMS-IBA000388","I000388:250300404"
"IITA-TMS-IBA010040","I010040:250300336"
"IITA-TMS-IBA010045","I010045:250300341"
"IITA-TMS-IBA050311","I050311:250300193"
"IITA-TMS-IBA070045","I070045:250300153"
"IITA-TMS-IBA070520","I070520:250300165"
"IITA-TMS-IBA30572","I30572:250253643"
"IITA-TMS-IBA9101730","I9101730:250304520"
"IITA-TMS-IBA961089A","I961089A:250300537"
"KALAWE","KALAWE:250442951"
"Kibandameno","KIBANDAMENO:250254266"
"kiroba","KIROBA:250253728"
"KIZIMBANI","KIZIMBANI:250304603"
"LIONGOKWIMBA","Liongokwimba:CAAC5ANXX:4:526453"
"LWAKITANGAZA","Lwakitangaza:CA8RLANXX:8:526436"
"MFARANSA","MFARANSA:CA8RLANXX:2:525815"
"MKOMBOZI","MKOMBOZI:CA8RLANXX:7:526255"
"Mkumba","MKUMBA:250442905"
"MKURANGA1","MKURANGA1:CA8RLANXX:2:525804"
"Namikonga","Namikonga:250329682"
"NASE14","NASE14:250329604"
"NASE18","NASE18:CA8RLANXX:7:526303"
"NZIVA","NZIVA:250442917"
"ORELA","ORELA:CA8RLANXX:8:526378"
"PER368","PER368:250327700"
"PER415","PER415:250327705"
"PER556","PER556:250327712"
"PWANI","PWANI:CA8RLANXX:8:526402"
"SAGONJA","SAGONJA:250442928"
"SAUTI","SAUTI:250442940"
"SHIBE","SHIBE:250442903"
"TAJIRIKA","TAJIRIKA:250442929"
"TMEB1310","TMEB1310:250254238"
"TMEB1786","KIBANDAMENO:250254266"
"TZ-130","TZ_130:250442927"
"TZKBH12_075","KBH2012_075:CA8RLANXX:2:525774"
"TZKBH12_156","KBH2012_156:CA8RLANXX:2:525771"
"TZKBH12_311","KBH2012_311:CA8RLANXX:2:525775"
"TZKBH12_413","KBH2012_413:CA8RLANXX:2:525777"
"TZKBH12_666","KBH2012_666:CA8RLANXX:2:525782"
"TZKBH12_807","KBH2012_807:CA8RLANXX:2:525823"
"TZKBH12_898","KBH2012_898:CA8RLANXX:2:525847"
"TZKBH12FS1000","KBH2012_1000:CA8RLANXX:2:525809"
"TZKBH12FS1016","KBH2012_1016:CA8RLANXX:2:525812"
"TZKBH12FS1032","KBH2012_1032:CA8RLANXX:2:525787"
"TZKBH12FS115","KBH2012_115:CA8RLANXX:2:525859"
"TZKBH12FS116","KBH2012_116:CA8RLANXX:3:525862"
"TZKBH12FS118","KBH2012_118:CA8RLANXX:2:525786"
"TZKBH12FS807","KBH2012_807:CA8RLANXX:2:525823"
"TZKBH12FS833","KBH2012_833:CA8RLANXX:2:525835"
"TZKBH12FS898","KBH2012_898:CA8RLANXX:2:525847"
"TZKBH12FS923","KBH2012_923:CA8RLANXX:2:525822"
"TZKBH12HS007","KBH2012_007:CA8RLANXX:2:525850"
"TZKBH12HS017","KBH2012_017:CA8RLANXX:2:525857"
"TZKBH12HS041","KBH2012_041:CA8RLANXX:2:525843"
"TZKBH12HS044","KBH2012_044:CA8RLANXX:2:525783"
"TZKBH12HS048","KBH2012_048:CA8RLANXX:2:525837"
"TZKBH12HS062","KBH2012_062:CA8RLANXX:2:525780"
"TZKBH12HS063","KBH2012_063:CA8RLANXX:2:525813"
"TZKBH12HS066","KBH2012_066:CA8RLANXX:2:525808"
"TZKBH12HS067","KBH2012_067:CA8RLANXX:2:525785"
"TZKBH12HS070","KBH2012_070:CA8RLANXX:2:525801"
"TZKBH12HS072","KBH2012_072:CA8RLANXX:2:525807"
"TZKBH12HS075","KBH2012_075:CA8RLANXX:2:525774"
"TZKBH12HS087","KBH2012_087:CA8RLANXX:2:525770"
"TZKBH12HS1036","KBH2012_1036:CA8RLANXX:2:525776"
"TZKBH12HS106","KBH2012_106:CA8RLANXX:2:525814"
"TZKBH12HS110","KBH2012_110:CA8RLANXX:2:525779"
"TZKBH12HS121","KBH2012_121:CA8RLANXX:2:525849"
"TZKBH12HS129","KBH2012_129:CA8RLANXX:2:525827"
"TZKBH12HS130","KBH2012_130:CA8RLANXX:2:525767"
"TZKBH12HS131","KBH2012_131:CA8RLANXX:2:525830"
"TZKBH12HS145","KBH2012_145:CA8RLANXX:2:525789"
"TZKBH12HS151","KBH2012_151:CA8RLANXX:2:525834"
"TZKBH12HS156","KBH2012_156:CA8RLANXX:2:525771"
"TZKBH12HS160","KBH2012_160:CA8RLANXX:2:525819"
"TZKBH12HS167","KBH2012_167:CA8RLANXX:2:525792"
"TZKBH12HS173","KBH2012_173:CA8RLANXX:2:525790"
"TZKBH12HS201","KBH2012_201:CA8RLANXX:2:525854"
"TZKBH12HS215","KBH2012_215:CA8RLANXX:2:525795"
"TZKBH12HS225","KBH2012_225:CA8RLANXX:2:525824"
"TZKBH12HS241","KBH2012_241:CA8RLANXX:2:525852"
"TZKBH12HS260","KBH2012_260:CA8RLANXX:2:525841"
"TZKBH12HS266","KBH2012_266:CA8RLANXX:2:525768"
"TZKBH12HS267","KBH2012_267:CA8RLANXX:2:525831"
"TZKBH12HS269","KBH2012_269:CA8RLANXX:2:525799"
"TZKBH12HS272","KBH2012_272:CA8RLANXX:2:525848"
"TZKBH12HS276","KBH2012_276:CA8RLANXX:2:525772"
"TZKBH12HS284","KBH2012_284:CA8RLANXX:2:525856"
"TZKBH12HS311","KBH2012_311:CA8RLANXX:2:525775"
"TZKBH12HS328","KBH2012_328:CA8RLANXX:3:525885"
"TZKBH12HS332","KBH2012_332:CA8RLANXX:2:525798"
"TZKBH12HS337","KBH2012_337:CA8RLANXX:2:525800"
"TZKBH12HS344","KBH2012_344:CA8RLANXX:2:525818"
"TZKBH12HS347","KBH2012_347:CA8RLANXX:2:525832"
"TZKBH12HS373","KBH2012_373:CA8RLANXX:2:525766"
"TZKBH12HS397","KBH2012_397:CA8RLANXX:2:525816"
"TZKBH12HS409","KBH2012_409:CA8RLANXX:2:525778"
"TZKBH12HS413","KBH2012_413:CA8RLANXX:2:525777"
"TZKBH12HS414","KBH2012_414:CA8RLANXX:2:525784"
"TZKBH12HS416","KBH2012_416:CA8RLANXX:2:525806"
"TZKBH12HS425","KBH2012_425:CA8RLANXX:2:525817"
"TZKBH12HS443","KBH2012_443:CA8RLANXX:2:525797"
"TZKBH12HS444","KBH2012_444:CA8RLANXX:2:525826"
"TZKBH12HS460","KBH2012_460:CA8RLANXX:2:525820"
"TZKBH12HS462","KBH2012_462:CA8RLANXX:2:525803"
"TZKBH12HS481","KBH2012_481:CA8RLANXX:2:525781"
"TZKBH12HS504","KBH2012_504:CA8RLANXX:2:525773"
"TZKBH12HS521","KBH2012_521:CA8RLANXX:3:525861"
"TZKBH12HS524","KBH2012_524:CA8RLANXX:2:525821"
"TZKBH12HS553","KBH2012_553:CA8RLANXX:3:525921"
"TZKBH12HS565","KBH2012_565:CA8RLANXX:2:525765"
"TZKBH12HS573","KBH2012_573:CA8RLANXX:2:525855"
"TZKBH12HS575","KBH2012_575:CA8RLANXX:2:525858"
"TZKBH12HS576","KBH2012_576:CA8RLANXX:2:525788"
"TZKBH12HS601","KBH2012_601:CA8RLANXX:2:525833"
"TZKBH12HS606","KBH2012_606:CA8RLANXX:2:525844"
"TZKBH12HS613","KBH2012_613:CA8RLANXX:3:525897"
"TZKBH12HS617","KBH2012_617:CA8RLANXX:2:525805"
"TZKBH12HS619","KBH2012_619:CA8RLANXX:2:525791"
"TZKBH12HS628","KBH2012_628:CA8RLANXX:3:525909"
"TZKBH12HS629","KBH2012_629:CA8RLANXX:2:525769"
"TZKBH12HS666","KBH2012_666:CA8RLANXX:2:525782"
"TZKBH12HS706","KBH2012_706:CA8RLANXX:2:525810"
"TZKBH12HS707","KBH2012_707:CA8RLANXX:2:525860"
"TZKBH12HS728","KBH2012_728:CA8RLANXX:3:525874"
"TZKBH12HS737","KBH2012_737:CA8RLANXX:2:525842"
"TZKBH12HS744","KBH2012_744:CA8RLANXX:2:525825"
"TZKBH12HS746","KBH2012_746:CA8RLANXX:2:525802"
"TZKBH12HS747","KBH2012_747:CA8RLANXX:2:525853"
"TZKBH12HS749","KBH2012_749:CA8RLANXX:2:525829"
"TZKBH12HS800","KBH2012_800:CA8RLANXX:3:525945"
"TZKBH13_233","KBH2013_233:CA8RLANXX:3:525935"
"TZKBH13_254","KBH2013_254:CA8RLANXX:3:525923"
"TZKBH13_494","KBH2013_494:CA8RLANXX:3:525911"
"TZKBH13_696","KBH2013_696:CA8RLANXX:3:525888"
"TZKBH13FS230","KBH2013_230:CA8RLANXX:3:525887"
"TZKBH13FS233","KBH2013_233:CA8RLANXX:3:525935"
"TZKBH13HS1007","KBH2013_1007:CA8RLANXX:3:525863"
"TZKBH13HS1028","KBH2013_1028:CA8RLANXX:3:525946"
"TZKBH13HS1048","KBH2013_1048:CA8RLANXX:3:525875"
"TZKBH13HS1059","KBH2013_1059:CA8RLANXX:3:525900"
"TZKBH13HS120","KBH2013_120:CA8RLANXX:3:525899"
"TZKBH13HS226","KBH2013_226:CA8RLANXX:3:525876"
"TZKBH13HS254","KBH2013_254:CA8RLANXX:3:525923"
"TZKBH13HS490","KBH2013_490:CA8RLANXX:3:525947"
"TZKBH13HS492","KBH2013_492:CA8RLANXX:3:525922"
"TZKBH13HS494","KBH2013_494:CA8RLANXX:3:525911"
"TZKBH13HS529","KBH2013_529:CA8RLANXX:3:525912"
"TZKBH13HS696","KBH2013_696:CA8RLANXX:3:525888"
"TZKBH13HS839","KBH2013_839:CA8RLANXX:3:525898"
"TZKBH13HS965","KBH2013_965:CA8RLANXX:3:525910"
"TZKBH13HSBULK","KBH2013_BULK:CA8RLANXX:3:525934"
"TZKBH14_053","KBH2014_053:CA93YANXX:4:525960"
"TZKBH14_1247","KBH2014_1247:CA8RLANXX:5:526062"
"TZKBH14_1256","KBH2014_1256:CA8RLANXX:5:526143"
"TZKBH14_1283","KBH2014_1283:CA8RLANXX:5:526080"
"TZKBH14_1326","KBH2014_1326:CA8RLANXX:5:526146"
"TZKBH14_140","KBH2014_140:CA93YANXX:4:526019"
"TZKBH14_1440","KBH2014_1440:CA8RLANXX:5:526064"
"TZKBH14_202","KBH2014_202:CA93YANXX:4:526000"
"TZKBH14_215","KBH2014_215:CA8RLANXX:3:525920"
"TZKBH14_282","KBH2014_282:CA8RLANXX:5:526126"
"TZKBH14_288","KBH2014_288:CA8RLANXX:3:525908"
"TZKBH14_415","KBH2014_415:CA8RLANXX:3:525881"
"TZKBH14_422","KBH2014_422:CA8RLANXX:3:525866"
"TZKBH14_547","KBH2014_547:CA8RLANXX:3:525931"
"TZKBH14_636","KBH2014_636:CA8RLANXX:6:526235"
"TZKBH14_694","KBH2014_694:CA93YANXX:4:526050"
"TZKBH14_696","KBH2014_696:CA93YANXX:4:525990"
"TZKBH14_702","KBH2014_702:CA8RLANXX:6:526224"
"TZKBH14_793","KBH2014_793:CA93YANXX:4:526014"
"TZKBH14_934","KBH2014_934:CA8RLANXX:6:526206"
"TZKBH14_996","KBH2014_996:CA8RLANXX:6:526217"
"TZKBH14FS011","KBH2014_011:CA8RLANXX:3:525891"
"TZKBH14FS017","KBH2014_017:CA93YANXX:4:525986"
"TZKBH14FS019","KBH2014_019:CA8RLANXX:5:526054"
"TZKBH14FS020","KBH2014_020:CA93YANXX:4:525964"
"TZKBH14FS021","KBH2014_021:CA93YANXX:4:525987"
"TZKBH14FS022","KBH2014_022:CA93YANXX:4:526029"
"TZKBH14FS023","KBH2014_023:CA93YANXX:4:525982"
"TZKBH14FS053","KBH2014_053:CA93YANXX:4:525960"
"TZKBH14FS054","KBH2014_054:CA8RLANXX:3:525951"
"TZKBH14FS059","KBH2014_059:CA93YANXX:4:526038"
"TZKBH14FS063","KBH2014_063:CA93YANXX:4:525970"
"TZKBH14FS067","KBH2014_067:CA8RLANXX:3:525953"
"TZKBH14FS072","KBH2014_072:CA8RLANXX:3:525952"
"TZKBH14FS073","KBH2014_073:CA93YANXX:4:526013"
"TZKBH14FS076","KBH2014_076:CA93YANXX:4:525971"
"TZKBH14FS079","KBH2014_079:CA93YANXX:4:525975"
"TZKBH14FS085","KBH2014_085:CA8RLANXX:3:525916"
"TZKBH14FS087","KBH2014_087:CA93YANXX:4:526005"
"TZKBH14FS088","KBH2014_088:CA8RLANXX:3:525868"
"TZKBH14FS1176","KBH2014_1176:CA8RLANXX:5:526131"
"TZKBH14FS1207","KBH2014_1207:CA8RLANXX:5:526085"
"TZKBH14FS1209","KBH2014_1209:CA8RLANXX:5:526060"
"TZKBH14FS1247","KBH2014_1247:CA8RLANXX:5:526062"
"TZKBH14FS1263","KBH2014_1263:CA8RLANXX:5:526084"
"TZKBH14FS1266","KBH2014_1266:CA8RLANXX:3:525880"
"TZKBH14FS1268","KBH2014_1268:CA8RLANXX:5:526120"
"TZKBH14FS1269","KBH2014_1269:CA8RLANXX:5:526061"
"TZKBH14FS1306","KBH2014_1306:CA8RLANXX:5:526063"
"TZKBH14FS1326","KBH2014_1326:CA8RLANXX:5:526146"
"TZKBH14FS1352","KBH2014_1352:CA8RLANXX:5:526100"
"TZKBH14FS1463","KBH2014_1463:CA8RLANXX:5:526133"
"TZKBH14FS1465","KBH2014_1465:CA8RLANXX:5:526098"
"TZKBH14FS1468","KBH2014_1468:CA8RLANXX:5:526076"
"TZKBH14FS236","KBH2014_236:CA8RLANXX:5:526096"
"TZKBH14FS244","KBH2014_244:CA8RLANXX:3:525879"
"TZKBH14FS809","KBH2014_809:CA8RLANXX:5:526123"
"TZKBH14FS932","KBH2014_932:CA8RLANXX:6:526154"
"TZKBH14FS934","KBH2014_934:CA8RLANXX:6:526206"
"TZKBH14FS935","KBH2014_935:CA8RLANXX:6:526225"
"TZKBH14HS005","KBH2014_005:CA8RLANXX:3:525913"
"TZKBH14HS019","KBH2014_019:CA8RLANXX:5:526054"
"TZKBH14HS025","KBH2014_025:CA8RLANXX:5:526077"
"TZKBH14HS029","KBH2014_029:CA8RLANXX:3:525915"
"TZKBH14HS031","KBH2014_031:CA8RLANXX:3:525902"
"TZKBH14HS032","KBH2014_032:CA8RLANXX:5:526109"
"TZKBH14HS033","KBH2014_033:CA93YANXX:4:525985"
"TZKBH14HS040","KBH2014_040:CA93YANXX:4:526044"
"TZKBH14HS043","KBH2014_043:CA8RLANXX:3:525914"
"TZKBH14HS054","KBH2014_054:CA8RLANXX:3:525951"
"TZKBH14HS065","KBH2014_065:CA8RLANXX:5:526066"
"TZKBH14HS071","KBH2014_071:CA93YANXX:4:526052"
"TZKBH14HS075","KBH2014_075:CA93YANXX:4:526003"
"TZKBH14HS086","KBH2014_086:CA93YANXX:4:525997"
"TZKBH14HS095","KBH2014_095:CA8RLANXX:3:525944"
"TZKBH14HS096","KBH2014_096:CA93YANXX:4:526020"
"TZKBH14HS1002","KBH2014_1002:CA93YANXX:4:526015"
"TZKBH14HS1004","KBH2014_1004:CA8RLANXX:3:525905"
"TZKBH14HS1007","KBH2014_1007:CA8RLANXX:5:526081"
"TZKBH14HS1013","KBH2014_1013:CA8RLANXX:5:526132"
"TZKBH14HS1014","KBH2014_1014:CA8RLANXX:3:525943"
"TZKBH14HS1015","KBH2014_1015:CA93YANXX:4:525998"
"TZKBH14HS102","KBH2014_102:CA93YANXX:4:525958"
"TZKBH14HS1022","KBH2014_1022:CA8RLANXX:5:526102"
"TZKBH14HS1029","KBH2014_1029:CA93YANXX:4:525963"
"TZKBH14HS1030","KBH2014_1030:CA8RLANXX:5:526104"
"TZKBH14HS1036","KBH2014_1036:CA8RLANXX:3:525890"
"TZKBH14HS1044","KBH2014_1044:CA8RLANXX:5:526116"
"TZKBH14HS1052","KBH2014_1052:CA8RLANXX:5:526079"
"TZKBH14HS1056","KBH2014_1056:CA8RLANXX:5:526144"
"TZKBH14HS1059","KBH2014_1059:CA93YANXX:4:526004"
"TZKBH14HS106","KBH2014_106:CA8RLANXX:5:526068"
"TZKBH14HS1073","KBH2014_1073:CA8RLANXX:3:525884"
"TZKBH14HS1077","KBH2014_1077:CA93YANXX:4:526040"
"TZKBH14HS1084","KBH2014_1084:CA8RLANXX:5:526056"
"TZKBH14HS1090","KBH2014_1090:CA93YANXX:4:526027"
"TZKBH14HS1094","KBH2014_1094:CA93YANXX:4:525989"
"TZKBH14HS1098","KBH2014_1098:CA8RLANXX:5:526055"
"TZKBH14HS1102","KBH2014_1102:CA93YANXX:4:525968"
"TZKBH14HS1104","KBH2014_1104:CA8RLANXX:5:526069"
"TZKBH14HS1114","KBH2014_1114:CA8RLANXX:5:526095"
"TZKBH14HS113","KBH2014_113:CA93YANXX:4:525959"
"TZKBH14HS1137","KBH2014_1137:CA8RLANXX:3:525892"
"TZKBH14HS1152","KBH2014_1152:CA8RLANXX:5:526078"
"TZKBH14HS1155","KBH2014_1155:CA8RLANXX:5:526114"
"TZKBH14HS1173","KBH2014_1173:CA8RLANXX:5:526091"
"TZKBH14HS1174","KBH2014_1174:CA8RLANXX:5:526115"
"TZKBH14HS1213","KBH2014_1213:CA8RLANXX:5:526073"
"TZKBH14HS1218","KBH2014_1218:CA8RLANXX:3:525893"
"TZKBH14HS123","KBH2014_123:CA93YANXX:4:526042"
"TZKBH14HS1230","KBH2014_1230:CA93YANXX:4:526051"
"TZKBH14HS1232","KBH2014_1232:CA93YANXX:4:525980"
"TZKBH14HS1236","KBH2014_1236:CA8RLANXX:5:526140"
"TZKBH14HS124","KBH2014_124:CA93YANXX:4:526028"
"TZKBH14HS1241","KBH2014_1241:CA8RLANXX:5:526107"
"TZKBH14HS1248","KBH2014_1248:CA8RLANXX:5:526071"
"TZKBH14HS1256","KBH2014_1256:CA8RLANXX:5:526143"
"TZKBH14HS126","KBH2014_126:CA93YANXX:4:526047"
"TZKBH14HS1266","KBH2014_1266:CA8RLANXX:3:525880"
"TZKBH14HS1273","KBH2014_1273:CA8RLANXX:5:526125"
"TZKBH14HS1278","KBH2014_1278:CA8RLANXX:5:526067"
"TZKBH14HS1283","KBH2014_1283:CA8RLANXX:5:526080"
"TZKBH14HS1297","KBH2014_1297:CA8RLANXX:5:526074"
"TZKBH14HS1299","KBH2014_1299:CA8RLANXX:5:526145"
"TZKBH14HS130","KBH2014_130:CA8RLANXX:5:526113"
"TZKBH14HS1312","KBH2014_1312:CA8RLANXX:5:526110"
"TZKBH14HS1387","KBH2014_1387:CA8RLANXX:5:526086"
"TZKBH14HS1392","KBH2014_1392:CA8RLANXX:5:526122"
"TZKBH14HS1396","KBH2014_1396:CA8RLANXX:5:526135"
"TZKBH14HS1398","KBH2014_1398:CA8RLANXX:5:526134"
"TZKBH14HS140","KBH2014_140:CA93YANXX:4:526019"
"TZKBH14HS143","KBH2014_143:CA8RLANXX:3:525869"
"TZKBH14HS1431","KBH2014_1431:CA8RLANXX:5:526111"
"TZKBH14HS1435","KBH2014_1435:CA8RLANXX:5:526088"
"TZKBH14HS1440","KBH2014_1440:CA8RLANXX:5:526064"
"TZKBH14HS1443","KBH2014_1443:CA8RLANXX:5:526121"
"TZKBH14HS147","KBH2014_147:CA93YANXX:4:525967"
"TZKBH14HS155","KBH2014_155:CA93YANXX:4:526039"
"TZKBH14HS161","KBH2014_161:CA8RLANXX:5:526101"
"TZKBH14HS173","KBH2014_173:CA93YANXX:4:525994"
"TZKBH14HS174","KBH2014_174:CA93YANXX:4:525979"
"TZKBH14HS176","KBH2014_176:CA93YANXX:4:526048"
"TZKBH14HS180","KBH2014_180:CA8RLANXX:3:525873"
"TZKBH14HS181","KBH2014_181:CA8RLANXX:3:525950"
"TZKBH14HS190","KBH2014_190:CA93YANXX:4:525983"
"TZKBH14HS192","KBH2014_192:CA8RLANXX:3:525870"
"TZKBH14HS196","KBH2014_196:CA8RLANXX:3:525940"
"TZKBH14HS197","KBH2014_197:CA8RLANXX:3:525956"
"TZKBH14HS202","KBH2014_202:CA93YANXX:4:526000"
"TZKBH14HS213","KBH2014_213:CA93YANXX:4:526009"
"TZKBH14HS215","KBH2014_215:CA8RLANXX:3:525920"
"TZKBH14HS220","KBH2014_220:CA8RLANXX:3:525894"
"TZKBH14HS227","KBH2014_227:CA93YANXX:4:526016"
"TZKBH14HS237","KBH2014_237:CA8RLANXX:3:525906"
"TZKBH14HS250","KBH2014_250:CA8RLANXX:3:525942"
"TZKBH14HS251","KBH2014_251:CA8RLANXX:3:525872"
"TZKBH14HS259","KBH2014_259:CA8RLANXX:3:525929"
"TZKBH14HS274","KBH2014_274:CA93YANXX:4:526034"
"TZKBH14HS275","KBH2014_275:CA93YANXX:4:526002"
"TZKBH14HS282","KBH2014_282:CA8RLANXX:5:526126"
"TZKBH14HS286","KBH2014_286:CA8RLANXX:5:526090"
"TZKBH14HS288","KBH2014_288:CA8RLANXX:3:525908"
"TZKBH14HS298","KBH2014_298:CA93YANXX:4:526031"
"TZKBH14HS302","KBH2014_302:CA8RLANXX:3:525895"
"TZKBH14HS317","KBH2014_317:CA8RLANXX:3:525918"
"TZKBH14HS320","KBH2014_320:CA93YANXX:4:526022"
"TZKBH14HS324","KBH2014_324:CA8RLANXX:3:525954"
"TZKBH14HS339","KBH2014_339:CA8RLANXX:5:526065"
"TZKBH14HS341","KBH2014_341:CA93YANXX:4:525961"
"TZKBH14HS342","KBH2014_342:CA8RLANXX:3:525928"
"TZKBH14HS345","KBH2014_345:CA8RLANXX:3:525896"
"TZKBH14HS346","KBH2014_346:CA8RLANXX:5:526057"
"TZKBH14HS348","KBH2014_348:CA93YANXX:4:526023"
"TZKBH14HS349","KBH2014_349:CA93YANXX:4:525973"
"TZKBH14HS351","KBH2014_351:CA93YANXX:4:525978"
"TZKBH14HS353","KBH2014_353:CA8RLANXX:5:526053"
"TZKBH14HS362","KBH2014_362:CA8RLANXX:3:525903"
"TZKBH14HS371","KBH2014_371:CA8RLANXX:3:525949"
"TZKBH14HS374","KBH2014_374:CA8RLANXX:5:526108"
"TZKBH14HS379","KBH2014_379:CA8RLANXX:3:525907"
"TZKBH14HS385","KBH2014_385:CA8RLANXX:3:525889"
"TZKBH14HS387","KBH2014_387:CA93YANXX:4:525957"
"TZKBH14HS392","KBH2014_392:CA8RLANXX:3:525930"
"TZKBH14HS411","KBH2014_411:CA93YANXX:4:526025"
"TZKBH14HS415","KBH2014_415:CA8RLANXX:3:525881"
"TZKBH14HS422","KBH2014_422:CA8RLANXX:3:525866"
"TZKBH14HS425","KBH2014_425:CA8RLANXX:5:526137"
"TZKBH14HS428","KBH2014_428:CA8RLANXX:3:525877"
"TZKBH14HS440","KBH2014_440:CA8RLANXX:3:525927"
"TZKBH14HS446","KBH2014_446:CA93YANXX:4:525996"
"TZKBH14HS449","KBH2014_449:CA8RLANXX:5:526093"
"TZKBH14HS462","KBH2014_462:CA8RLANXX:3:525867"
"TZKBH14HS463","KBH2014_463:CA8RLANXX:5:526127"
"TZKBH14HS477","KBH2014_477:CA93YANXX:4:525988"
"TZKBH14HS478","KBH2014_478:CA93YANXX:4:525992"
"TZKBH14HS484","KBH2014_484:CA8RLANXX:3:525926"
"TZKBH14HS486","KBH2014_486:CA8RLANXX:5:526141"
"TZKBH14HS490","KBH2014_490:CA8RLANXX:5:526105"
"TZKBH14HS491","KBH2014_491:CA8RLANXX:3:525938"
"TZKBH14HS493","KBH2014_493:CA93YANXX:4:525977"
"TZKBH14HS504","KBH2014_504:CA8RLANXX:3:525871"
"TZKBH14HS506","KBH2014_506:CA8RLANXX:6:526215"
"TZKBH14HS510","KBH2014_510:CA8RLANXX:5:526058"
"TZKBH14HS519","KBH2014_519:CA93YANXX:4:526001"
"TZKBH14HS522","KBH2014_522:CA93YANXX:4:525965"
"TZKBH14HS526","KBH2014_526:CA93YANXX:4:526024"
"TZKBH14HS527","KBH2014_527:CA8RLANXX:3:525937"
"TZKBH14HS535","KBH2014_535:CA8RLANXX:6:526151"
"TZKBH14HS537","KBH2014_537:CA8RLANXX:3:525955"
"TZKBH14HS547","KBH2014_547:CA8RLANXX:3:525931"
"TZKBH14HS553","KBH2014_553:CA8RLANXX:3:525878"
"TZKBH14HS558","KBH2014_558:CA93YANXX:4:526018"
"TZKBH14HS567","KBH2014_567:CA8RLANXX:6:526163"
"TZKBH14HS570","KBH2014_570:CA93YANXX:4:526041"
"TZKBH14HS585","KBH2014_585:CA8RLANXX:6:526175"
"TZKBH14HS617","KBH2014_617:CA8RLANXX:6:526187"
"TZKBH14HS620","KBH2014_620:CA8RLANXX:6:526199"
"TZKBH14HS627","KBH2014_627:CA8RLANXX:6:526203"
"TZKBH14HS634","KBH2014_634:CA8RLANXX:6:526223"
"TZKBH14HS636","KBH2014_636:CA8RLANXX:6:526235"
"TZKBH14HS639","KBH2014_639:CA8RLANXX:6:526152"
"TZKBH14HS644","KBH2014_644:CA8RLANXX:3:525882"
"TZKBH14HS645","KBH2014_645:CA8RLANXX:6:526164"
"TZKBH14HS686","KBH2014_686:CA93YANXX:4:526017"
"TZKBH14HS692","KBH2014_692:CA8RLANXX:6:526176"
"TZKBH14HS693","KBH2014_693:CA8RLANXX:6:526188"
"TZKBH14HS694","KBH2014_694:CA93YANXX:4:526050"
"TZKBH14HS696","KBH2014_696:CA93YANXX:4:525990"
"TZKBH14HS699","KBH2014_699:CA8RLANXX:6:526200"
"TZKBH14HS700","KBH2014_700:CA8RLANXX:6:526212"
"TZKBH14HS701","KBH2014_701:CA93YANXX:4:526006"
"TZKBH14HS702","KBH2014_702:CA8RLANXX:6:526224"
"TZKBH14HS703","KBH2014_703:CA8RLANXX:6:526195"
"TZKBH14HS708","KBH2014_708:CA8RLANXX:6:526236"
"TZKBH14HS712","KBH2014_712:CA93YANXX:4:526033"
"TZKBH14HS719","KBH2014_719:CA93YANXX:4:525962"
"TZKBH14HS721","KBH2014_721:CA93YANXX:4:525976"
"TZKBH14HS723","KBH2014_723:CA8RLANXX:6:526238"
"TZKBH14HS727","KBH2014_727:CA8RLANXX:6:526153"
"TZKBH14HS730","KBH2014_730:CA8RLANXX:3:525901"
"TZKBH14HS732","KBH2014_732:CA93YANXX:4:526021"
"TZKBH14HS733","KBH2014_733:CA8RLANXX:6:526181"
"TZKBH14HS735","KBH2014_735:CA8RLANXX:6:526159"
"TZKBH14HS736","KBH2014_736:CA8RLANXX:5:526070"
"TZKBH14HS740","KBH2014_740:CA8RLANXX:6:526202"
"TZKBH14HS742","KBH2014_742:CA8RLANXX:6:526194"
"TZKBH14HS745","KBH2014_745:CA8RLANXX:6:526183"
"TZKBH14HS754","KBH2014_754:CA8RLANXX:6:526165"
"TZKBH14HS756","KBH2014_756:CA8RLANXX:3:525941"
"TZKBH14HS757","KBH2014_757:CA8RLANXX:5:526082"
"TZKBH14HS760","KBH2014_760:CA8RLANXX:6:526156"
"TZKBH14HS762","KBH2014_762:CA8RLANXX:3:525932"
"TZKBH14HS792","KBH2014_792:CA93YANXX:4:525995"
"TZKBH14HS793","KBH2014_793:CA93YANXX:4:526014"
"TZKBH14HS798","KBH2014_798:CA8RLANXX:3:525925"
"TZKBH14HS813","KBH2014_813:CA8RLANXX:6:526158"
"TZKBH14HS813B","KBH2014_813B:CA8RLANXX:6:526171"
"TZKBH14HS815","KBH2014_815:CA93YANXX:4:526011"
"TZKBH14HS816","KBH2014_816:CA8RLANXX:6:526192"
"TZKBH14HS825","KBH2014_825:CA8RLANXX:6:526240"
"TZKBH14HS829","KBH2014_829:CA8RLANXX:6:526204"
"TZKBH14HS832","KBH2014_832:CA8RLANXX:6:526191"
"TZKBH14HS833","KBH2014_833:CA93YANXX:4:525991"
"TZKBH14HS836","KBH2014_836:CA8RLANXX:6:526169"
"TZKBH14HS838","KBH2014_838:CA93YANXX:4:526007"
"TZKBH14HS842","KBH2014_842:CA8RLANXX:6:526155"
"TZKBH14HS849","KBH2014_849:CA8RLANXX:3:525919"
"TZKBH14HS852","KBH2014_852:CA8RLANXX:6:526168"
"TZKBH14HS854","KBH2014_854:CA8RLANXX:6:526166"
"TZKBH14HS857","KBH2014_857:CA93YANXX:4:525974"
"TZKBH14HS858","KBH2014_858:CA8RLANXX:5:526094"
"TZKBH14HS864","KBH2014_864:CA8RLANXX:6:526214"
"TZKBH14HS866","KBH2014_866:CA93YANXX:4:525966"
"TZKBH14HS893","KBH2014_893:CA8RLANXX:6:526230"
"TZKBH14HS895","KBH2014_895:CA8RLANXX:6:526228"
"TZKBH14HS899","KBH2014_899:CA8RLANXX:6:526218"
"TZKBH14HS907","KBH2014_907:CA8RLANXX:6:526170"
"TZKBH14HS916","KBH2014_916:CA8RLANXX:5:526089"
"TZKBH14HS920","KBH2014_920:CA93YANXX:4:526012"
"TZKBH14HS921","KBH2014_921:CA8RLANXX:6:526207"
"TZKBH14HS923","KBH2014_923:CA8RLANXX:6:526216"
"TZKBH14HS925","KBH2014_925:CA93YANXX:4:526035"
"TZKBH14HS950","KBH2014_950:CA8RLANXX:3:525917"
"TZKBH14HS952","KBH2014_952:CA8RLANXX:6:526201"
"TZKBH14HS954","KBH2014_954:CA8RLANXX:6:526242"
"TZKBH14HS955","KBH2014_955:CA93YANXX:4:526026"
"TZKBH14HS956","KBH2014_956:CA8RLANXX:6:526178"
"TZKBH14HS958","KBH2014_958:CA93YANXX:4:526032"
"TZKBH14HS968","KBH2014_968:CA8RLANXX:5:526118"
"TZKBH14HS970","KBH2014_970:CA8RLANXX:6:526189"
"TZKBH14HS974","KBH2014_974:CA93YANXX:4:525984"
"TZKBH14HS978","KBH2014_978:CA8RLANXX:6:526180"
"TZKBH14HS981","KBH2014_981:CA8RLANXX:3:525883"
"TZKBH14HS982","KBH2014_982:CA93YANXX:4:526046"
"TZKBH14HS987","KBH2014_987:CA8RLANXX:6:526237"
"TZKBH14HS990","KBH2014_990:CA8RLANXX:5:526083"
"TZKBH14HS992","KBH2014_992:CA93YANXX:4:526049"
"TZKBH14HS996","KBH2014_996:CA8RLANXX:6:526217"
"TZKBH15_002","KBH2015_002:CA8RLANXX:6:526184"
"TZKBH15_044","KBH2015_044:CA8RLANXX:7:526329"
"TZKBH15_120","KBH2015_120:CA8RLANXX:7:526245"
"TZKBH15_134","KBH2015_134:CA8RLANXX:7:526271"
"TZKBH15_194","KBH2015_194:CA8RLANXX:7:526309"
"TZKBH15_319","KBH2015_319:CA8RLANXX:7:526249"
"TZKBH15_391","KBH2015_391:CA8RLANXX:7:526269"
"TZKBH15HS002","KBH2015_002:CA8RLANXX:6:526184"
"TZKBH15HS005","KBH2015_005:CA8RLANXX:7:526310"
"TZKBH15HS008","KBH2015_008:CA8RLANXX:7:526275"
"TZKBH15HS010","KBH2015_010:CA8RLANXX:7:526273"
"TZKBH15HS018","KBH2015_018:CA8RLANXX:7:526252"
"TZKBH15HS020","KBH2015_020:CA8RLANXX:7:526322"
"TZKBH15HS026","KBH2015_026:CA8RLANXX:7:526285"
"TZKBH15HS032","KBH2015_032:CA8RLANXX:7:526299"
"TZKBH15HS035","KBH2015_035:CA8RLANXX:7:526311"
"TZKBH15HS042","KBH2015_042:CA8RLANXX:7:526287"
"TZKBH15HS043","KBH2015_043:CA8RLANXX:7:526282"
"TZKBH15HS044","KBH2015_044:CA8RLANXX:7:526329"
"TZKBH15HS052","KBH2015_052:CA8RLANXX:7:526298"
"TZKBH15HS058","KBH2015_058:CA8RLANXX:7:526332"
"TZKBH15HS061","KBH2015_061:CA8RLANXX:7:526272"
"TZKBH15HS072","KBH2015_072:CA8RLANXX:7:526262"
"TZKBH15HS080","KBH2015_080:CA8RLANXX:7:526297"
"TZKBH15HS120","KBH2015_120:CA8RLANXX:7:526245"
"TZKBH15HS127","KBH2015_127:CA8RLANXX:7:526251"
"TZKBH15HS131","KBH2015_131:CA8RLANXX:7:526281"
"TZKBH15HS134","KBH2015_134:CA8RLANXX:7:526271"
"TZKBH15HS136","KBH2015_136:CA8RLANXX:7:526293"
"TZKBH15HS140","KBH2015_140:CA8RLANXX:6:526208"
"TZKBH15HS146","KBH2015_146:CA8RLANXX:7:526333"
"TZKBH15HS147","KBH2015_147:CA8RLANXX:7:526260"
"TZKBH15HS152","KBH2015_152:CA8RLANXX:7:526250"
"TZKBH15HS153","KBH2015_153:CA8RLANXX:7:526319"
"TZKBH15HS165","KBH2015_165:CA8RLANXX:7:526246"
"TZKBH15HS168","KBH2015_168:CA8RLANXX:6:526220"
"TZKBH15HS177","KBH2015_177:CA8RLANXX:6:526197"
"TZKBH15HS190","KBH2015_190:CA8RLANXX:7:526247"
"TZKBH15HS194","KBH2015_194:CA8RLANXX:7:526309"
"TZKBH15HS201","KBH2015_201:CA8RLANXX:7:526274"
"TZKBH15HS207","KBH2015_207:CA8RLANXX:7:526261"
"TZKBH15HS279","KBH2015_279:CA8RLANXX:7:526283"
"TZKBH15HS281","KBH2015_281:CA8RLANXX:7:526330"
"TZKBH15HS297","KBH2015_297:CA8RLANXX:7:526296"
"TZKBH15HS319","KBH2015_319:CA8RLANXX:7:526249"
"TZKBH15HS320","KBH2015_320:CA8RLANXX:7:526295"
"TZKBH15HS328","KBH2015_328:CA8RLANXX:7:526294"
"TZKBH15HS331","KBH2015_331:CA8RLANXX:7:526259"
"TZKBH15HS333","KBH2015_333:CA8RLANXX:7:526318"
"TZKBH15HS352","KBH2015_352:CA8RLANXX:7:526258"
"TZKBH15HS382","KBH2015_382:CA8RLANXX:7:526320"
"TZKBH15HS383","KBH2015_383:CA8RLANXX:7:526263"
"TZKBH15HS391","KBH2015_391:CA8RLANXX:7:526269"
"TZKBH15HS394","KBH2015_394:CA8RLANXX:7:526317"
"TZKBH15HS395","KBH2015_395:CA8RLANXX:7:526307"
"TZKBH15HS404","KBH2015_404:CA8RLANXX:7:526248"
"TZKBH15HS408","KBH2015_408:CA8RLANXX:6:526244"
"TZKBH15HS411","KBH2015_411:CA8RLANXX:7:526270"
"TZKBH15HS413","KBH2015_413:CA8RLANXX:7:526306"
"TZKBH15HS418","KBH2015_418:CA8RLANXX:7:526286"
"TZKBH15HS423","KBH2015_423:CA8RLANXX:7:526308"
"TZKBH15HS452","KBH2015_452:CA8RLANXX:7:526257"
"TZKBH15HSBULK","KBH2015_BULK:CA8RLANXX:7:526284"
"TZKBH2014_017","KBH2014_017:CA93YANXX:4:525986"
"TZMM06_0045","MM06_0045:CA8RLANXX:6:526185"
"TZUKG1205_001","UKG1205_001:CAAC5ANXX:7:526783"
"TZUKG1205_005","UKG1205_005:CAAC5ANXX:7:526802"
"TZUKG1205_010","UKG1205_010:CAAC5ANXX:7:526786"
"TZUKG1205_015","UKG1205_015:CAAC5ANXX:7:526805"
"TZUKG1205_023","UKG1205_023:CAAC5ANXX:7:526779"
"TZUKG1205_063","UKG1205_063:CAAC5ANXX:7:526817"
"TZUKG1205_066","UKG1205_066:CAAC5ANXX:7:526774"
"TZUKG1205_077","UKG1205_077:CAAC5ANXX:7:526775"
"TZUKG1207_001","UKG1207_001:CAAC5ANXX:4:526442"
"TZUKG1207_002","UKG1207_002:CAAC5ANXX:7:526739"
"TZUKG1207_013","UKG1207_013:CAAC5ANXX:7:526755"
"TZUKG1207_014","UKG1207_014:CAAC5ANXX:7:526766"
"TZUKG1207_038","UKG1207_038:CAAC5ANXX:7:526789"
"TZUKG1207_040","UKG1207_040:CAAC5ANXX:7:526731"
"TZUKG1208_002","UKG1208_002:CAAC5ANXX:7:526734"
"TZUKG1208_004","UKG1208_004:CAAC5ANXX:7:526804"
"TZUKG1209_001","UKG1209_001:CAAC5ANXX:7:526773"
"TZUKG1210_003","UKG1210_003:CAAC5ANXX:7:526741"
"TZUKG1214_002","UKG1214_002:CAAC5ANXX:7:526758"
"TZUKG1214_011","UKG1214_011:CAAC5ANXX:7:526756"
"TZUKG1214_019","UKG1214_019:CAAC5ANXX:7:526797"
"TZUKG1214_024","UKG1214_024:CAAC5ANXX:7:526792"
"TZUKG1216_001","UKG1216_001:CAAC5ANXX:7:526729"
"TZUKG1216_006","UKG1216_006:CAAC5ANXX:7:526743"
"TZUKG1216_019","UKG1216_019:CAAC5ANXX:7:526744"
"TZUKG1218_010","UKG1218_010:CAAC5ANXX:7:526752"
"TZUKG1218_013","UKG1218_013:CAAC5ANXX:7:526763"
"TZUKG1219_005","UKG1219_005:CAAC5ANXX:7:526771"
"TZUKG1221_005","UKG1221_005:CAAC5ANXX:7:526748"
"TZUKG1221_008","UKG1221_008:CAAC5ANXX:7:526807"
"TZUKG1221_015","UKG1221_015:CAAC5ANXX:7:526796"
"TZUKG1221_022","UKG1221_022:CAAC5ANXX:7:526736"
"TZUKG1222_010","UKG1222_010:CAAC5ANXX:7:526819"
"TZUKG1229_002","UKG1229_002:CAAC5ANXX:7:526760"
"TZUKG12OP01_002","UKG12OP01_002:CA8RLANXX:8:526421"
"TZUKG12OP01_003","UKG12OP01_003:CAAC5ANXX:4:526512"
"TZUKG12OP01_004","UKG12OP01_004:CAAC5ANXX:4:526499"
"TZUKG12OP01_005","UKG12OP01_005:CA8RLANXX:8:526374"
"TZUKG12OP01_008","UKG12OP01_008:CAAC5ANXX:4:526462"
"TZUKG12OP01_009","UKG12OP01_009:CAAC5ANXX:4:526501"
"TZUKG12OP01_010","UKG12OP01_010:CA8RLANXX:8:526371"
"TZUKG12OP01_013","UKG12OP01_013:CA8RLANXX:8:526435"
"TZUKG12OP01_018","UKG12OP01_018:CAAC5ANXX:4:526486"
"TZUKG12OP01_019","UKG12OP01_019:CA8RLANXX:8:526346"
"TZUKG12OP01_020","UKG12OP01_020:CA8RLANXX:8:526423"
"TZUKG12OP01_021","UKG12OP01_021:CA8RLANXX:8:526397"
"TZUKG12OP01_022","UKG12OP01_022:CAAC5ANXX:4:526465"
"TZUKG12OP01_023","UKG12OP01_023:CAAC5ANXX:4:526523"
"TZUKG12OP01_025","UKG12OP01_025:CAAC5ANXX:7:526753"
"TZUKG12OP01_036","UKG12OP01_036:CAAC5ANXX:7:526801"
"TZUKG12OP01_040","UKG12OP01_040:CAAC5ANXX:7:526733"
"TZUKG12OP01_060","UKG12OP01_060:CAAC5ANXX:7:526782"
"TZUKG12OP01_061","UKG12OP01_061:CAAC5ANXX:7:526794"
"TZUKG12OP01_080","UKG12OP01_080:CAAC5ANXX:7:526810"
"TZUKG12OP01_082","UKG12OP01_082:CAAC5ANXX:7:526746"
"TZUKG12OP01_102","UKG12OP01_102:CAAC5ANXX:7:526730"
"TZUKG12OP01_103","UKG12OP01_103:CAAC5ANXX:7:526808"
"TZUKG12OP01_114","UKG12OP01_114:CAAC5ANXX:7:526795"
"TZUKG12OP01_121","UKG12OP01_121:CAAC5ANXX:7:526813"
"TZUKG12OP01_127","UKG12OP01_127:CAAC5ANXX:7:526811"
"TZUKG12OP01_133","UKG12OP01_133:CAAC5ANXX:7:526726"
"TZUKG12OP01_135","UKG12OP01_135:CAAC5ANXX:7:526776"
"TZUKG12OP01_139","UKG12OP01_139:CAAC5ANXX:7:526757"
"TZUKG12OP01_143","UKG12OP01_143:CAAC5ANXX:7:526727"
"TZUKG12OP01_150","UKG12OP01_150:CAAC5ANXX:7:526740"
"TZUKG12OP01_179","UKG12OP01_179:CAAC5ANXX:7:526754"
"TZUKG12OP01_187","UKG12OP01_187:CAAC5ANXX:7:526815"
"TZUKG12OP01_188","UKG12OP01_188:CAAC5ANXX:7:526790"
"TZUKG12OP01_241","UKG12OP01_241:CAAC5ANXX:7:526768"
"TZUKG12OP01_252","UKG12OP01_252:CAAC5ANXX:7:526780"
"TZUKG12OP01_256","UKG12OP01_256:CAAC5ANXX:7:526765"
"TZUKG12OP01_265","UKG12OP01_265:CAAC5ANXX:7:526781"
"TZUKG12OP01_295","UKG12OP01_295:CAAC5ANXX:7:526762"
"TZUKG12OP01_307","UKG12OP01_307:CAAC5ANXX:7:526788"
"TZUKG12OP01_312","UKG12OP01_312:CAAC5ANXX:7:526745"
"TZUKG12OP01_320","UKG12OP01_320:CAAC5ANXX:7:526742"
"TZUKG12OP01_321","UKG12OP01_321:CAAC5ANXX:7:526803"
"TZUKG12OP01_324","UKG12OP01_324:CAAC5ANXX:7:526785"
"TZUKG12OP01_325","UKG12OP01_325:CAAC5ANXX:7:526812"
"TZUKG12OP01_327","UKG12OP01_327:CAAC5ANXX:7:526816"
"TZUKG12OP01_345","UKG12OP01_345:CAAC5ANXX:7:526728"
"TZUKG12OP01_355","UKG12OP01_355:CAAC5ANXX:7:526751"
"TZUKG12OP01_359","UKG12OP01_359:CAAC5ANXX:7:526777"
"TZUKG12OP01_362","UKG12OP01_362:CAAC5ANXX:7:526764"
"TZUKG12OP02_004","UKG12OP02_004:CA8RLANXX:8:526413"
"TZUKG12OP02_005","UKG12OP02_005:CAAC5ANXX:4:526485"
"TZUKG12OP02_006","UKG12OP02_006:CA8RLANXX:8:526348"
"TZUKG12OP02_011","UKG12OP02_011:CAAC5ANXX:7:526791"
"TZUKG12OP03_001","UKG12OP03_001:CA8RLANXX:8:526407"
"TZUKG12OP03_002","UKG12OP03_002:CAAC5ANXX:4:526440"
"TZUKG12OP03_003","UKG12OP03_003:CA8RLANXX:8:526358"
"TZUKG12OP03_004","UKG12OP03_004:CA8RLANXX:8:526381"
"TZUKG12OP03_006","UKG12OP03_006:CA8RLANXX:8:526416"
"TZUKG12OP03_007","UKG12OP03_007:CA8RLANXX:8:526373"
"TZUKG12OP03_008","UKG12OP03_008:CA8RLANXX:8:526395"
"TZUKG12OP03_011","UKG12OP03_011:CA8RLANXX:8:526432"
"TZUKG12OP03_012","UKG12OP03_012:CAAC5ANXX:4:526525"
"TZUKG12OP03_014","UKG12OP03_014:CAAC5ANXX:4:526438"
"TZUKG12OP03_018","UKG12OP03_018:CAAC5ANXX:4:526513"
"TZUKG12OP03_019","UKG12OP03_019:CAAC5ANXX:4:526521"
"TZUKG12OP04_006","UKG12OP04_006:CAAC5ANXX:7:526798"
"TZUKG12OP04_007","UKG12OP04_007:CAAC5ANXX:7:526738"
"TZUKG12OP04_010","UKG12OP04_010:CAAC5ANXX:7:526809"
"TZUKG12OP04_021","UKG12OP04_021:CAAC5ANXX:7:526767"
"TZUKG12OP04_022","UKG12OP04_022:CAAC5ANXX:7:526814"
"TZUKG12OP04_035","UKG12OP04_035:CAAC5ANXX:7:526787"
"TZUKG12OP05_001","UKG12OP05_001:CAAC5ANXX:4:526510"
"TZUKG12OP05_003","UKG12OP05_003:CA8RLANXX:8:526351"
"TZUKG12OP05_004","UKG12OP05_004:CA8RLANXX:8:526410"
"TZUKG12OP05_005","UKG12OP05_005:CA8RLANXX:8:526398"
"TZUKG12OP05_006","UKG12OP05_006:CAAC5ANXX:4:526489"
"TZUKG12OP05_007","UKG12OP05_007:CA8RLANXX:8:526382"
"TZUKG12OP05_010","UKG12OP05_010:CA8RLANXX:8:526359"
"TZUKG12OP05_012","UKG12OP05_012:CA8RLANXX:8:526347"
"TZUKG12OP05_013","UKG12OP05_013:CA8RLANXX:8:526406"
"TZUKG12OP05_014","UKG12OP05_014:CA8RLANXX:8:526418"
"TZUKG12OP05_015","UKG12OP05_015:CA8RLANXX:8:526372"
"TZUKG12OP05_016","UKG12OP05_016:CA8RLANXX:8:526392"
"TZUKG12OP05_017","UKG12OP05_017:CA8RLANXX:8:526345"
"TZUKG12OP05_019","UKG12OP05_019:CA8RLANXX:8:526404"
"TZUKG12OP06_010","UKG12OP06_010:CAAC5ANXX:7:526770"
"TZUKG12OP06_017","UKG12OP06_017:CAAC5ANXX:7:526769"
"TZUKG12OP06_020","UKG12OP06_020:CAAC5ANXX:7:526761"
"TZUKG12OP06_027","UKG12OP06_027:CAAC5ANXX:7:526735"
"TZUKG12OP11_002","UKG12OP11_002:CAAC5ANXX:4:526464"
"TZUKG12OP11_003","UKG12OP11_003:CAAC5ANXX:4:526488"
"TZUKG12OP11_006","UKG12OP11_006:CA8RLANXX:8:526428"
"TZUKG12OP11_007","UKG12OP11_007:CAAC5ANXX:4:526451"
"TZUKG12OP11_008","UKG12OP11_008:CA8RLANXX:8:526396"
"TZUKG12OP11_009","UKG12OP11_009:CA8RLANXX:8:526387"
"TZUKG12OP11_011","UKG12OP11_011:CA8RLANXX:8:526424"
"TZUKG12OP11_012","UKG12OP11_012:CAAC5ANXX:4:526461"
"TZUKG12OP11_014","UKG12OP11_014:CA8RLANXX:8:526380"
"TZUKG12OP12_002","UKG12OP12_002:CA8RLANXX:8:526386"
"TZUKG12OP12_003","UKG12OP12_003:CA8RLANXX:8:526419"
"TZUKG12OP12_006","UKG12OP12_006:CAAC5ANXX:4:526473"
"TZUKG12OP12_007","UKG12OP12_007:CA8RLANXX:8:526350"
"TZUKG12OP12_008","UKG12OP12_008:CAAC5ANXX:4:526437"
"TZUKG12OP12_009","UKG12OP12_009:CAAC5ANXX:4:526463"
"TZUKG12OP12_012","UKG12OP12_012:CAAC5ANXX:4:526498"
"TZUKG12OP12_013","UKG12OP12_013:CA8RLANXX:8:526363"
"TZUKG12OP12_014","UKG12OP12_014:CA8RLANXX:8:526384"
"TZUKG12OP12_017","UKG12OP12_017:CA8RLANXX:8:526409"
"TZUKG12OP12_020","UKG12OP12_020:CAAC5ANXX:4:526439"
"TZUKG12OP12_021","UKG12OP12_021:CAAC5ANXX:4:526509"
"TZUKG12OP13_005","UKG12OP13_005:CAAC5ANXX:4:526476"
"TZUKG12OP13_006","UKG12OP13_006:CA8RLANXX:8:526369"
"TZUKG12OP13_012","UKG12OP13_012:CAAC5ANXX:4:526500"
"TZUKG12OP13_016","UKG12OP13_016:CAAC5ANXX:4:526477"
"TZUKG12OP13_017","UKG12OP13_017:CAAC5ANXX:4:526474"
"TZUKG12OP13_018","UKG12OP13_018:CA8RLANXX:8:526433"
"TZUKG12OP13_019","UKG12OP13_019:CA8RLANXX:8:526362"
"TZUKG12OP14_001","UKG12OP14_001:CA8RLANXX:8:526400"
"TZUKG12OP14_003","UKG12OP14_003:CA8RLANXX:8:526405"
"TZUKG12OP14_008","UKG12OP14_008:CA8RLANXX:8:526434"
"TZUKG12OP14_009","UKG12OP14_009:CA8RLANXX:8:526394"
"TZUKG12OP14_011","UKG12OP14_011:CAAC5ANXX:4:526450"
"TZUKG12OP14_013","UKG12OP14_013:CA8RLANXX:8:526383"
"TZUKG12OP15_004","UKG12OP15_004:CA8RLANXX:8:526420"
"TZUKG12OP15_009","UKG12OP15_009:CA8RLANXX:8:526352"
"TZUKG12OP15_010","UKG12OP15_010:CA8RLANXX:8:526412"
"TZUKG12OP15_011","UKG12OP15_011:CAAC5ANXX:4:526449"
"TZUKG12OP15_012","UKG12OP15_012:CAAC5ANXX:4:526441"
"TZUKG12OP15_015","UKG12OP15_015:CA8RLANXX:8:526430"
"TZUKG12OP15_018","UKG12OP15_018:CAAC5ANXX:4:526454"
"TZUKG12OP15_019","UKG12OP15_019:CA8RLANXX:8:526368"
"TZUKG12OP15_022","UKG12OP15_022:CAAC5ANXX:4:526475"
"TZUKG12OP15_024","UKG12OP15_024:CAAC5ANXX:4:526524"
"TZUKG12OP15_025","UKG12OP15_025:CA8RLANXX:8:526429"
"TZUKG12OP15_029","UKG12OP15_029:CA8RLANXX:8:526349"
"TZUKG12OP15_031","UKG12OP15_031:CAAC5ANXX:4:526452"
"TZUKG12OP15_037","UKG12OP15_037:CA8RLANXX:8:526411"
"TZUKG12OP15_039","UKG12OP15_039:CA8RLANXX:8:526375"
"TZUKG12OP15_040","UKG12OP15_040:CAAC5ANXX:4:526522"
"TZUKG12OP15_041","UKG12OP15_041:CAAC5ANXX:4:526487"
"TZUKG12OP15_042","UKG12OP15_042:CA8RLANXX:8:526393"
"TZUKG12OP15_043","UKG12OP15_043:CA8RLANXX:8:526417"
"TZUKG12OP15_046","UKG12OP15_046:CA8RLANXX:8:526376"
"TZUKG12OP15_049","UKG12OP15_049:CA8RLANXX:8:526399"
"TZUKG12OP15_053","UKG12OP15_053:CA8RLANXX:8:526422"
"TZUKG12OP15_055","UKG12OP15_055:CAAC5ANXX:4:526497"
"TZUKG12OP15_057","UKG12OP15_057:CA8RLANXX:8:526370"
"TZUKG12OP15_058","UKG12OP15_058:CA8RLANXX:8:526361"
"TZUKG12OP15_059","UKG12OP15_059:CA8RLANXX:8:526364"
"TZUKG12OP15_063","UKG12OP15_063:CA8RLANXX:8:526408"
"TZUKG12OP17_003","UKG12OP17_003:CAAC5ANXX:7:526778"
"TZUKG12OP17_004","UKG12OP17_004:CAAC5ANXX:7:526747"
"TZUKG12OP24_033","UKG12OP24_033:CAAC5ANXX:7:526784"
"TZUKG1501_001","UKG1501_001:CAAC5ANXX:5:526558"
"TZUKG1501_003","UKG1501_003:CAAC5ANXX:5:526610"
"TZUKG1501_004","UKG1501_004:CAAC5ANXX:5:526584"
"TZUKG1501_005","UKG1501_005:CAAC5ANXX:6:526678"
"TZUKG1501_006","UKG1501_006:CAAC5ANXX:5:526591"
"TZUKG1501_007","UKG1501_007:CAAC5ANXX:5:526604"
"TZUKG1501_008","UKG1501_008:CAAC5ANXX:5:526603"
"TZUKG1501_009","UKG1501_009:CAAC5ANXX:5:526585"
"TZUKG1501_010","UKG1501_010:CAAC5ANXX:6:526646"
"TZUKG1501_011","UKG1501_011:CAAC5ANXX:6:526692"
"TZUKG1501_012","UKG1501_012:CAAC5ANXX:4:526483"
"TZUKG1501_013","UKG1501_013:CAAC5ANXX:5:526581"
"TZUKG1501_014","UKG1501_014:CAAC5ANXX:5:526578"
"TZUKG1501_015","UKG1501_015:CAAC5ANXX:5:526600"
"TZUKG1501_017","UKG1501_017:CAAC5ANXX:5:526572"
"TZUKG1501_018","UKG1501_018:CAAC5ANXX:5:526621"
"TZUKG1501_019","UKG1501_019:CAAC5ANXX:4:526443"
"TZUKG1501_020","UKG1501_020:CAAC5ANXX:6:526633"
"TZUKG1501_021","UKG1501_021:CAAC5ANXX:4:526467"
"TZUKG1501_022","UKG1501_022:CAAC5ANXX:6:526642"
"TZUKG1501_023","UKG1501_023:CAAC5ANXX:5:526598"
"TZUKG1501_024","UKG1501_024:CAAC5ANXX:5:526606"
"TZUKG1501_025","UKG1501_025:CAAC5ANXX:4:526460"
"TZUKG1501_026","UKG1501_026:CAAC5ANXX:6:526630"
"TZUKG1501_027","UKG1501_027:CAAC5ANXX:5:526564"
"TZUKG1501_028","UKG1501_028:CAAC5ANXX:6:526707"
"TZUKG1501_029","UKG1501_029:CAAC5ANXX:5:526556"
"TZUKG1501_030","UKG1501_030:CAAC5ANXX:5:526589"
"TZUKG1501_031","UKG1501_031:CAAC5ANXX:5:526538"
"TZUKG1501_033","UKG1501_033:CAAC5ANXX:4:526481"
"TZUKG1501_034","UKG1501_034:CAAC5ANXX:4:526482"
"TZUKG1501_035","UKG1501_035:CAAC5ANXX:4:526502"
"TZUKG1501_036","UKG1501_036:CAAC5ANXX:5:526620"
"TZUKG1501_037","UKG1501_037:CAAC5ANXX:5:526593"
"TZUKG1501_038","UKG1501_038:CAAC5ANXX:6:526701"
"TZUKG1502_001","UKG1502_001:CAAC5ANXX:5:526541"
"TZUKG1502_002","UKG1502_002:CAAC5ANXX:6:526647"
"TZUKG1502_004","UKG1502_004:CAAC5ANXX:4:526466"
"TZUKG1502_005","UKG1502_005:CAAC5ANXX:4:526480"
"TZUKG1502_006","UKG1502_006:CAAC5ANXX:5:526557"
"TZUKG1502_007","UKG1502_007:CAAC5ANXX:6:526656"
"TZUKG1502_008","UKG1502_008:CAAC5ANXX:5:526571"
"TZUKG1502_009","UKG1502_009:CAAC5ANXX:5:526628"
"TZUKG1502_010","UKG1502_010:CAAC5ANXX:4:526444"
"TZUKG1502_011","UKG1502_011:CAAC5ANXX:4:526504"
"TZUKG1502_012","UKG1502_012:CAAC5ANXX:6:526684"
"TZUKG1502_013","UKG1502_013:CAAC5ANXX:5:526560"
"TZUKG1502_014","UKG1502_014:CAAC5ANXX:5:526616"
"TZUKG1502_015","UKG1502_015:CAAC5ANXX:6:526680"
"TZUKG1502_016","UKG1502_016:CAAC5ANXX:6:526641"
"TZUKG1502_017","UKG1502_017:CAAC5ANXX:6:526631"
"TZUKG1502_018","UKG1502_018:CAAC5ANXX:5:526599"
"TZUKG1502_020","UKG1502_020:CAAC5ANXX:5:526569"
"TZUKG1502_021","UKG1502_021:CAAC5ANXX:4:526492"
"TZUKG1502_022","UKG1502_022:CAAC5ANXX:6:526702"
"TZUKG1502_023","UKG1502_023:CAAC5ANXX:4:526459"
"TZUKG1502_024","UKG1502_024:CAAC5ANXX:6:526704"
"TZUKG1502_025","UKG1502_025:CAAC5ANXX:4:526515"
"TZUKG1502_026","UKG1502_026:CAAC5ANXX:5:526536"
"TZUKG1503_001","UKG1503_001:CAAC5ANXX:5:526601"
"TZUKG1503_003","UKG1503_003:CAAC5ANXX:6:526653"
"TZUKG1503_004","UKG1503_004:CAAC5ANXX:6:526683"
"TZUKG1503_005","UKG1503_005:CAAC5ANXX:5:526546"
"TZUKG1503_006","UKG1503_006:CAAC5ANXX:5:526626"
"TZUKG1503_007","UKG1503_007:CAAC5ANXX:4:526457"
"TZUKG1503_008","UKG1503_008:CAAC5ANXX:6:526665"
"TZUKG1503_009","UKG1503_009:CAAC5ANXX:4:526445"
"TZUKG1503_010","UKG1503_010:CAAC5ANXX:5:526549"
"TZUKG1503_011","UKG1503_011:CAAC5ANXX:5:526587"
"TZUKG1503_012","UKG1503_012:CAAC5ANXX:5:526539"
"TZUKG1503_015","UKG1503_015:CAAC5ANXX:5:526580"
"TZUKG1504_002","UKG1504_002:CAAC5ANXX:4:526472"
"TZUKG1504_003","UKG1504_003:CAAC5ANXX:4:526506"
"TZUKG1504_004","UKG1504_004:CAAC5ANXX:5:526623"
"TZUKG1504_005","UKG1504_005:CAAC5ANXX:6:526713"
"TZUKG1504_006","UKG1504_006:CAAC5ANXX:4:526469"
"TZUKG1504_007","UKG1504_007:CAAC5ANXX:5:526586"
"TZUKG1504_008","UKG1504_008:CAAC5ANXX:5:526619"
"TZUKG1506_001","UKG1506_001:CAAC5ANXX:6:526703"
"TZUKG1506_002","UKG1506_002:CAAC5ANXX:6:526671"
"TZUKG1506_004","UKG1506_004:CAAC5ANXX:4:526495"
"TZUKG1506_006","UKG1506_006:CAAC5ANXX:4:526470"
"TZUKG1506_007","UKG1506_007:CAAC5ANXX:6:526695"
"TZUKG1506_008","UKG1506_008:CAAC5ANXX:6:526659"
"TZUKG1506_009","UKG1506_009:CAAC5ANXX:4:526517"
"TZUKG1506_010","UKG1506_010:CAAC5ANXX:4:526528"
"TZUKG1506_011","UKG1506_011:CAAC5ANXX:5:526592"
"TZUKG1506_013","UKG1506_013:CAAC5ANXX:5:526582"
"TZUKG1506_014","UKG1506_014:CAAC5ANXX:4:526456"
"TZUKG1506_015","UKG1506_015:CAAC5ANXX:5:526617"
"TZUKG1506_016","UKG1506_016:CAAC5ANXX:6:526644"
"TZUKG1506_017","UKG1506_017:CAAC5ANXX:5:526611"
"TZUKG1506_018","UKG1506_018:CAAC5ANXX:6:526643"
"TZUKG1506_019","UKG1506_019:CAAC5ANXX:5:526574"
"TZUKG1506_020","UKG1506_020:CAAC5ANXX:6:526667"
"TZUKG1506_021","UKG1506_021:CAAC5ANXX:5:526540"
"TZUKG1506_022","UKG1506_022:CAAC5ANXX:5:526534"
"TZUKG1506_023","UKG1506_023:CAAC5ANXX:4:526516"
"TZUKG1506_024","UKG1506_024:CAAC5ANXX:6:526629"
"TZUKG1506_025","UKG1506_025:CAAC5ANXX:4:526526"
"TZUKG1506_026","UKG1506_026:CAAC5ANXX:6:526634"
"TZUKG1506_027","UKG1506_027:CAAC5ANXX:6:526719"
"TZUKG1506_028","UKG1506_028:CAAC5ANXX:5:526594"
"TZUKG1506_029","UKG1506_029:CAAC5ANXX:5:526573"
"TZUKG1506_030","UKG1506_030:CAAC5ANXX:5:526618"
"TZUKG1506_031","UKG1506_031:CAAC5ANXX:6:526672"
"TZUKG1506_032","UKG1506_032:CAAC5ANXX:4:526529"
"TZUKG1506_033","UKG1506_033:CAAC5ANXX:5:526595"
"TZUKG1506_034","UKG1506_034:CAAC5ANXX:6:526714"
"TZUKG1506_035","UKG1506_035:CAAC5ANXX:4:526518"
"TZUKG1506_036","UKG1506_036:CAAC5ANXX:4:526531"
"TZUKG1506_038","UKG1506_038:CAAC5ANXX:6:526691"
"TZUKG1506_039","UKG1506_039:CAAC5ANXX:6:526636"
"TZUKG1506_040","UKG1506_040:CAAC5ANXX:5:526612"
"TZUKG1506_041","UKG1506_041:CAAC5ANXX:4:526446"
"TZUKG1506_042","UKG1506_042:CAAC5ANXX:5:526613"
"TZUKG1506_043","UKG1506_043:CAAC5ANXX:6:526715"
"TZUKG1506_044","UKG1506_044:CAAC5ANXX:6:526668"
"TZUKG1506_045","UKG1506_045:CAAC5ANXX:4:526527"
"TZUKG1506_046","UKG1506_046:CAAC5ANXX:6:526681"
"TZUKG1506_047","UKG1506_047:CAAC5ANXX:6:526705"
"TZUKG1506_048","UKG1506_048:CAAC5ANXX:4:526447"
"TZUKG1506_050","UKG1506_050:CAAC5ANXX:5:526559"
"TZUKG1506_051","UKG1506_051:CAAC5ANXX:6:526648"
"TZUKG1506_052","UKG1506_052:CAAC5ANXX:5:526535"
"TZUKG1506_053","UKG1506_053:CAAC5ANXX:5:526547"
"TZUKG1506_054","UKG1506_054:CAAC5ANXX:6:526677"
"TZUKG1506_055","UKG1506_055:CAAC5ANXX:6:526716"
"TZUKG1508_001","UKG1508_001:CAAC5ANXX:5:526555"
"TZUKG1508_002","UKG1508_002:CAAC5ANXX:5:526537"
"TZUKG1510_001","UKG1510_001:CAAC5ANXX:5:526550"
"TZUKG1510_002","UKG1510_002:CAAC5ANXX:6:526670"
"TZUKG1510_003","UKG1510_003:CAAC5ANXX:6:526720"
"TZUKG1511_001","UKG1511_001:CAAC5ANXX:5:526608"
"TZUKG1511_002","UKG1511_002:CAAC5ANXX:4:526448"
"TZUKG1511_003","UKG1511_003:CAAC5ANXX:6:526637"
"TZUKG1511_004","UKG1511_004:CAAC5ANXX:5:526615"
"TZUKG1512_001","UKG1512_001:CAAC5ANXX:5:526567"
"TZUKG1515_001","UKG1515_001:CAAC5ANXX:5:526533"
"TZUKG1516_001","UKG1516_001:CAAC5ANXX:5:526563"
"TZUKG15OP07_001","UKG15OP07_001:CAAC5ANXX:4:526493"
"TZUKG15OP07_002","UKG15OP07_002:CAAC5ANXX:6:526666"
"TZUKG15OP07_003","UKG15OP07_003:CAAC5ANXX:6:526708"
"TZUKG15OP07_004","UKG15OP07_004:CAAC5ANXX:5:526588"
"TZUKG15OP07_005","UKG15OP07_005:CAAC5ANXX:5:526544"
"TZUKG15OP07_006","UKG15OP07_006:CAAC5ANXX:4:526484"
"TZUKG15OP07_007","UKG15OP07_007:CAAC5ANXX:4:526491"
"TZUKG15OP07_008","UKG15OP07_008:CAAC5ANXX:4:526496"
"TZUKG15OP07_009","UKG15OP07_009:CAAC5ANXX:4:526468"
"TZUKG15OP07_010","UKG15OP07_010:CAAC5ANXX:4:526458"
"TZUKG15OP07_011","UKG15OP07_011:CAAC5ANXX:5:526576"
"TZUKG15OP07_012","UKG15OP07_012:CAAC5ANXX:6:526645"
"TZUKG15OP07_013","UKG15OP07_013:CAAC5ANXX:5:526562"
"TZUKG15OP07_014","UKG15OP07_014:CAAC5ANXX:5:526624"
"TZUKG15OP07_015","UKG15OP07_015:CAAC5ANXX:5:526561"
"TZUKG15OP07_016","UKG15OP07_016:CAAC5ANXX:6:526693"
"TZUKG15OP07_017","UKG15OP07_017:CAAC5ANXX:5:526575"
"TZUKG15OP07_018","UKG15OP07_018:CAAC5ANXX:4:526530"
"TZUKG15OP07_019","UKG15OP07_019:CAAC5ANXX:5:526625"
"TZUKG15OP07_020","UKG15OP07_020:CAAC5ANXX:6:526689"
"TZUKG15OP07_021","UKG15OP07_021:CAAC5ANXX:5:526548"
"TZUKG15OP07_022","UKG15OP07_022:CAAC5ANXX:5:526554"
"TZUKG15OP07_023","UKG15OP07_023:CAAC5ANXX:6:526706"
"TZUKG15OP07_024","UKG15OP07_024:CAAC5ANXX:5:526607"
"TZUKG15OP07_025","UKG15OP07_025:CAAC5ANXX:5:526583"
"TZUKG15OP07_026","UKG15OP07_026:CAAC5ANXX:4:526479"
"TZUKG15OP07_027","UKG15OP07_027:CAAC5ANXX:5:526568"
"TZUKG15OP07_028","UKG15OP07_028:CAAC5ANXX:6:526696"
"TZUKG15OP07_029","UKG15OP07_029:CAAC5ANXX:4:526494"
"TZUKG15OP07_030","UKG15OP07_030:CAAC5ANXX:4:526507"
"TZUKG15OP07_031","UKG15OP07_031:CAAC5ANXX:6:526679"
"TZUKG15OP07_032","UKG15OP07_032:CAAC5ANXX:6:526717"
"TZUKG15OP07_033","UKG15OP07_033:CAAC5ANXX:6:526654"
"TZUKG15OP07_034","UKG15OP07_034:CAAC5ANXX:5:526602"
"TZUKG15OP07_035","UKG15OP07_035:CAAC5ANXX:5:526566"
"TZUKG15OP07_036","UKG15OP07_036:CAAC5ANXX:4:526455"
"TZUKG15OP07_037","UKG15OP07_037:CAAC5ANXX:6:526669"
"TZUKG15OP07_040","UKG15OP07_040:CAAC5ANXX:6:526682"
"TZUKG15OP07_041","UKG15OP07_041:CAAC5ANXX:6:526694"
"TZUKG15OP07_042","UKG15OP07_042:CAAC5ANXX:6:526649"
"TZUKG15OP07_043","UKG15OP07_043:CAAC5ANXX:5:526597"
"TZUKG15OP07_044","UKG15OP07_044:CAAC5ANXX:4:526532"
"TZUKG15OP07_045","UKG15OP07_045:CAAC5ANXX:5:526590"
"TZUKG15OP07_046","UKG15OP07_046:CAAC5ANXX:4:526503"
"TZUKG15OP07_047","UKG15OP07_047:CAAC5ANXX:4:526505"
"TZUKG15OP07_048","UKG15OP07_048:CAAC5ANXX:5:526622"
"TZUKG15OP07_049","UKG15OP07_049:CAAC5ANXX:5:526577"
"TZUKG15OP07_050","UKG15OP07_050:CAAC5ANXX:6:526635"
"TZUKG15OP07_051","UKG15OP07_051:CAAC5ANXX:5:526565"
"TZUKG15OP07_052","UKG15OP07_052:CAAC5ANXX:5:526596"
"TZUKG15OP07_053","UKG15OP07_053:CAAC5ANXX:5:526552"
"TZUKG15OP07_054","UKG15OP07_054:CAAC5ANXX:4:526514"
"TZUKG15OP07_055","UKG15OP07_055:CAAC5ANXX:5:526614"
"TZUKG15OP07_056","UKG15OP07_056:CAAC5ANXX:5:526545"
"TZUKG15OP07_057","UKG15OP07_057:CAAC5ANXX:5:526542"
"TZUKG15OP07_058","UKG15OP07_058:CAAC5ANXX:4:526508"
"TZUKG15OP07_059","UKG15OP07_059:CAAC5ANXX:5:526551"
"TZUKG15OP07_060","UKG15OP07_060:CAAC5ANXX:4:526520"
"TZUKG15OP07_061","UKG15OP07_061:CAAC5ANXX:6:526718"
"TZUKG15OP07_062","UKG15OP07_062:CAAC5ANXX:5:526609"
"TZUKG15OP07_063","UKG15OP07_063:CAAC5ANXX:6:526655"
"TZUKG15OP07_064","UKG15OP07_064:CAAC5ANXX:6:526632"
"TZUKG15OP09_001","UKG15OP09_001:CAAC5ANXX:6:526657"
"TZUKG15OP09_002","UKG15OP09_002:CAAC5ANXX:5:526553"
"TZUKG15OP14_001","UKG15OP14_001:CAAC5ANXX:5:526543"
"TZUKG15OP14_002","UKG15OP14_002:CAAC5ANXX:5:526605"
"TZUKG15OP14_003","UKG15OP14_003:CAAC5ANXX:4:526519"
"TZUKG15OP14_004","UKG15OP14_004:CAAC5ANXX:5:526570"
"TZUKG15OP14_005","UKG15OP14_005:CAAC5ANXX:5:526579"
"YIZASO","YIZASO:CA8RLANXX:7:526278"
